[
  {
    "id": 1,
    "titulo": "Repellendus nisi eos assumenda optio qui sit.",
    "contenido": "Quisquam qui ut sunt nesciunt. Quam officiis nam accusantium cumque. Omnis tenetur temporibus voluptas reiciendis expedita. Et accusantium est quas delectus et.",
    "estado": "BORRADOR",
    "imagen": "posts/86784fc8b55e43ea7053f08947debd96.jpg",
    "user_id": 4,
    "category_id": 5,
    "created_at": "2024-01-23T12:12:35.000000Z",
    "updated_at": "2024-01-23T12:12:35.000000Z"
  },
  {
    "id": 2,
    "titulo": "Ex eaque ea aut est est qui assumenda.",
    "contenido": "Cumque rem architecto numquam vel atque ea. Laboriosam non omnis quia eveniet et. Illo quos est atque consequuntur totam. Ut sit voluptates aliquam ex consequatur.",
    "estado": "BORRADOR",
    "imagen": "posts/128d8cb2b0db24f0d741e2290b44dc21.jpg",
    "user_id": 3,
    "category_id": 6,
    "created_at": "2024-01-23T12:12:35.000000Z",
    "updated_at": "2024-01-23T12:12:35.000000Z"
  },
  {
    "id": 3,
    "titulo": "Dolore sapiente omnis delectus omnis veniam.",
    "contenido": "Quam distinctio tempora beatae. Quis excepturi repellat nihil asperiores et asperiores. Blanditiis inventore repellat ea ut sed totam. Quibusdam et minima eveniet doloremque.",
    "estado": "BORRADOR",
    "imagen": "posts/ff79a27af727a9cc967a1fa07f176064.jpg",
    "user_id": 2,
    "category_id": 2,
    "created_at": "2024-01-23T12:12:35.000000Z",
    "updated_at": "2024-01-23T12:12:35.000000Z"
  },
  {
    "id": 4,
    "titulo": "Est quibusdam rem ea soluta expedita.",
    "contenido": "Perferendis est tempore ipsam quaerat. Sit corrupti quisquam nostrum aspernatur illum.",
    "estado": "BORRADOR",
    "imagen": "posts/6437009f883f15c03af47c674d982a55.jpg",
    "user_id": 4,
    "category_id": 3,
    "created_at": "2024-01-23T12:12:35.000000Z",
    "updated_at": "2024-01-23T12:12:35.000000Z"
  },
  {
    "id": 5,
    "titulo": "Repellat eos aut corrupti natus deleniti quae.",
    "contenido": "Dolore dicta sit voluptate tempore impedit. Et aut a libero ducimus inventore. Non qui ullam et quis quis.",
    "estado": "BORRADOR",
    "imagen": "posts/0087fd1f706351355d0bb0289a9788ac.jpg",
    "user_id": 4,
    "category_id": 5,
    "created_at": "2024-01-23T12:12:35.000000Z",
    "updated_at": "2024-01-23T12:12:35.000000Z"
  },
  {
    "id": 6,
    "titulo": "Culpa adipisci enim in consectetur sit suscipit.",
    "contenido": "Doloribus quia iste id id ipsam non delectus excepturi. Laboriosam eos dolorum impedit animi debitis dolores. Facere dolor recusandae sapiente maiores dolores facilis omnis.",
    "estado": "PUBLICADO",
    "imagen": "posts/ff1bdfe51d6e266a26689101f6910d2a.jpg",
    "user_id": 1,
    "category_id": 3,
    "created_at": "2024-01-23T12:12:35.000000Z",
    "updated_at": "2024-01-23T12:12:35.000000Z"
  },
  {
    "id": 7,
    "titulo": "Ea quia sint officiis ut.",
    "contenido": "Est et dicta illo accusantium dolorem rerum quidem. Aut quas ut libero. Eum adipisci cum quam. Sapiente reiciendis itaque nihil velit id fuga. Ab tempore laborum molestiae facere sapiente quas.",
    "estado": "PUBLICADO",
    "imagen": "posts/3c36ecbca079581aebd07a74db466d3d.jpg",
    "user_id": 3,
    "category_id": 3,
    "created_at": "2024-01-23T12:12:35.000000Z",
    "updated_at": "2024-01-23T12:12:35.000000Z"
  },
  {
    "id": 8,
    "titulo": "Unde eius dolorem odit laborum veniam sapiente.",
    "contenido": "Voluptatem sed natus voluptas cumque ipsum optio. Possimus voluptatem et hic nulla facere.",
    "estado": "BORRADOR",
    "imagen": "posts/f63d8aea2c03afdbad5f6fbec649a062.jpg",
    "user_id": 1,
    "category_id": 1,
    "created_at": "2024-01-23T12:12:35.000000Z",
    "updated_at": "2024-01-23T12:12:35.000000Z"
  },
  {
    "id": 9,
    "titulo": "Dignissimos ut et in commodi possimus voluptatem.",
    "contenido": "Consequatur asperiores consequuntur ad consectetur non. Minus accusamus pariatur suscipit ratione exercitationem qui officiis consequuntur. Similique inventore eius eveniet occaecati.",
    "estado": "PUBLICADO",
    "imagen": "posts/7a2c85932183cde406a96e66c252ed10.jpg",
    "user_id": 1,
    "category_id": 1,
    "created_at": "2024-01-23T12:12:35.000000Z",
    "updated_at": "2024-01-23T12:12:35.000000Z"
  },
  {
    "id": 10,
    "titulo": "Aut ipsam velit error accusantium.",
    "contenido": "Nobis debitis voluptas sint neque minima. Vitae excepturi rerum quia dolorem libero qui aut. Error consequatur culpa et rerum. Atque non deleniti aspernatur dolor occaecati eum.",
    "estado": "PUBLICADO",
    "imagen": "posts/f3ec31f4ee209e350e0196f3ba774be4.jpg",
    "user_id": 2,
    "category_id": 6,
    "created_at": "2024-01-23T12:12:35.000000Z",
    "updated_at": "2024-01-23T12:12:35.000000Z"
  },
  {
    "id": 11,
    "titulo": "Velit ea sunt nisi error quia et aut.",
    "contenido": "Perspiciatis dolor occaecati quaerat praesentium accusantium. Sit voluptatibus et nemo adipisci. Officia qui fuga sint at a dolor ipsa.",
    "estado": "PUBLICADO",
    "imagen": "posts/2a41a24e641e0781d07f3887cff8020e.jpg",
    "user_id": 3,
    "category_id": 2,
    "created_at": "2024-01-23T12:12:35.000000Z",
    "updated_at": "2024-01-23T12:12:35.000000Z"
  },
  {
    "id": 12,
    "titulo": "Voluptate deleniti sed velit delectus sequi id.",
    "contenido": "Nobis libero rerum rerum et enim. Commodi consequuntur nemo totam est nobis repudiandae enim. Sint aperiam quas numquam veritatis qui.",
    "estado": "BORRADOR",
    "imagen": "posts/9f13edaf4cb884086d6068300c3d0211.jpg",
    "user_id": 1,
    "category_id": 1,
    "created_at": "2024-01-23T12:12:35.000000Z",
    "updated_at": "2024-01-23T12:12:35.000000Z"
  },
  {
    "id": 13,
    "titulo": "Illum numquam sequi quia consequatur quis fuga veritatis.",
    "contenido": "Sapiente voluptas officiis beatae. Sunt cupiditate vitae distinctio nam. Magni itaque tempore est eum adipisci ut est.",
    "estado": "PUBLICADO",
    "imagen": "posts/5777dac9969dd64484ba4327290c7d41.jpg",
    "user_id": 5,
    "category_id": 1,
    "created_at": "2024-01-23T12:12:35.000000Z",
    "updated_at": "2024-01-23T12:12:35.000000Z"
  },
  {
    "id": 14,
    "titulo": "Nulla sequi hic adipisci.",
    "contenido": "Vel qui et dolor. Magni inventore est quo qui non sint modi voluptatibus. Consequatur perspiciatis officiis dolore est nihil neque rerum. Doloremque temporibus velit magnam ducimus rem tempora.",
    "estado": "PUBLICADO",
    "imagen": "posts/8696021df1d5fce4105ef0a01326e5c1.jpg",
    "user_id": 1,
    "category_id": 1,
    "created_at": "2024-01-23T12:12:35.000000Z",
    "updated_at": "2024-01-23T12:12:35.000000Z"
  },
  {
    "id": 15,
    "titulo": "Aliquid dolorem ad et sit sed.",
    "contenido": "Natus molestias expedita voluptate qui consequatur et rerum. Ea consectetur asperiores dolorem suscipit aperiam veritatis ad. Dolor explicabo id dolore quia at qui.",
    "estado": "PUBLICADO",
    "imagen": "posts/06eeaa069562e0ac278d20a64f68451a.jpg",
    "user_id": 5,
    "category_id": 5,
    "created_at": "2024-01-23T12:12:35.000000Z",
    "updated_at": "2024-01-23T12:12:35.000000Z"
  },
  {
    "id": 16,
    "titulo": "At ea totam voluptates consectetur totam est.",
    "contenido": "Eveniet possimus nam assumenda rem voluptatem. Aliquid ipsam molestias nostrum maxime. Aliquam voluptate quaerat amet nobis est.",
    "estado": "BORRADOR",
    "imagen": "posts/572c4f44af35a14b9a2222161acb13d1.jpg",
    "user_id": 3,
    "category_id": 5,
    "created_at": "2024-01-23T12:12:35.000000Z",
    "updated_at": "2024-01-23T12:12:35.000000Z"
  },
  {
    "id": 17,
    "titulo": "Necessitatibus ea velit culpa provident natus iure quis.",
    "contenido": "Nam aperiam perferendis eos asperiores itaque. Ut id error reprehenderit eos quam. Numquam minus id sed rerum libero facilis id.",
    "estado": "PUBLICADO",
    "imagen": "posts/2bb09254a345cf3388aa313c74473985.jpg",
    "user_id": 2,
    "category_id": 6,
    "created_at": "2024-01-23T12:12:35.000000Z",
    "updated_at": "2024-01-23T12:12:35.000000Z"
  },
  {
    "id": 18,
    "titulo": "Et veritatis corporis suscipit quasi eos dolorem.",
    "contenido": "Natus non enim eius. Qui est eveniet commodi provident consequatur quam voluptatibus odio. Autem dolorum et qui dolor harum sapiente.",
    "estado": "BORRADOR",
    "imagen": "posts/2bde7f4c459f53f9e77098cca4d8ba4f.jpg",
    "user_id": 5,
    "category_id": 2,
    "created_at": "2024-01-23T12:12:35.000000Z",
    "updated_at": "2024-01-23T12:12:35.000000Z"
  },
  {
    "id": 19,
    "titulo": "Distinctio provident officia modi minus voluptas laboriosam.",
    "contenido": "Qui quia reiciendis tempora non sit repellendus. Ut consequatur voluptatum maiores expedita dolore non ea. Nobis fugit dolorum autem quibusdam quisquam vitae aspernatur.",
    "estado": "PUBLICADO",
    "imagen": "posts/1ca37e3f1fcbe67d0b9f77d0eb6d7061.jpg",
    "user_id": 3,
    "category_id": 2,
    "created_at": "2024-01-23T12:12:35.000000Z",
    "updated_at": "2024-01-23T12:12:35.000000Z"
  },
  {
    "id": 20,
    "titulo": "Omnis nihil officiis rerum.",
    "contenido": "Vero error impedit minus inventore et aut eum. Qui inventore error at iure dolores. Fuga accusamus autem quo optio. Nihil hic quo perferendis nemo pariatur.",
    "estado": "BORRADOR",
    "imagen": "posts/a347dca6c6df06345b4fdaf477a5f0d3.jpg",
    "user_id": 5,
    "category_id": 1,
    "created_at": "2024-01-23T12:12:35.000000Z",
    "updated_at": "2024-01-23T12:12:35.000000Z"
  },
  {
    "id": 21,
    "titulo": "Voluptates et distinctio ab et molestias.",
    "contenido": "Libero autem maiores reprehenderit omnis non. Dolor inventore rerum esse perspiciatis aut. Doloremque nam ea commodi magni. Esse accusamus et sint soluta culpa reiciendis in.",
    "estado": "BORRADOR",
    "imagen": "posts/bdfae046aaab2936e3270c3d533cd93d.jpg",
    "user_id": 2,
    "category_id": 6,
    "created_at": "2024-01-23T12:12:35.000000Z",
    "updated_at": "2024-01-23T12:12:35.000000Z"
  },
  {
    "id": 22,
    "titulo": "Maxime eaque ut animi.",
    "contenido": "Aut quo aut nobis. Voluptas omnis vero ut sed. Veniam optio blanditiis nihil reiciendis consectetur eum dolore molestiae.",
    "estado": "PUBLICADO",
    "imagen": "posts/d35bafebdb9442da4463fe6d03a4a9e2.jpg",
    "user_id": 4,
    "category_id": 4,
    "created_at": "2024-01-23T12:12:35.000000Z",
    "updated_at": "2024-01-23T12:12:35.000000Z"
  },
  {
    "id": 23,
    "titulo": "Officiis recusandae omnis dolorum et doloremque occaecati.",
    "contenido": "Iure autem expedita ea aut voluptas autem ducimus id. Quod distinctio veniam voluptatem cumque eligendi consequuntur sequi aut. Minus iste dolore sapiente veniam.",
    "estado": "PUBLICADO",
    "imagen": "posts/f64c909285b2c0bbd33e2eef53619eea.jpg",
    "user_id": 5,
    "category_id": 4,
    "created_at": "2024-01-23T12:12:35.000000Z",
    "updated_at": "2024-01-23T12:12:35.000000Z"
  },
  {
    "id": 24,
    "titulo": "Ut debitis qui omnis doloribus fugiat veniam ut.",
    "contenido": "Eos ducimus omnis hic dolorem. Odit enim reprehenderit quis aperiam sit veniam. Odit odit voluptatem et error molestiae quia.",
    "estado": "BORRADOR",
    "imagen": "posts/c496e225cc926c0494d5aa3c19ccac8a.jpg",
    "user_id": 1,
    "category_id": 3,
    "created_at": "2024-01-23T12:12:35.000000Z",
    "updated_at": "2024-01-23T12:12:35.000000Z"
  },
  {
    "id": 25,
    "titulo": "Sed velit aut eius id.",
    "contenido": "Sit iste porro consequuntur quia. Deserunt odit aperiam quia expedita. Beatae molestiae deleniti assumenda rerum.",
    "estado": "PUBLICADO",
    "imagen": "posts/9c15bfd720cfdc510bfc8e97ba8495fa.jpg",
    "user_id": 2,
    "category_id": 1,
    "created_at": "2024-01-23T12:12:35.000000Z",
    "updated_at": "2024-01-23T12:12:35.000000Z"
  },
  {
    "id": 26,
    "titulo": "Nulla reprehenderit et asperiores dolor.",
    "contenido": "Ut optio facere saepe amet voluptatem repellat sit. Iste in dolorum totam cupiditate dolores consequatur optio in.",
    "estado": "BORRADOR",
    "imagen": "posts/3ecf0b5665faa5d74a91170c7761d268.jpg",
    "user_id": 5,
    "category_id": 3,
    "created_at": "2024-01-23T12:12:35.000000Z",
    "updated_at": "2024-01-23T12:12:35.000000Z"
  },
  {
    "id": 27,
    "titulo": "Rem nihil sed nobis autem illum nisi cumque.",
    "contenido": "Iste et quis omnis qui dolorem architecto. Asperiores in quia consequuntur voluptatibus dolore quod eius. Et at ea nihil deserunt dicta et sit. Praesentium aut nobis in sint.",
    "estado": "BORRADOR",
    "imagen": "posts/9e9cdbd5898dd7093aa3943268929a66.jpg",
    "user_id": 3,
    "category_id": 6,
    "created_at": "2024-01-23T12:12:35.000000Z",
    "updated_at": "2024-01-23T12:12:35.000000Z"
  },
  {
    "id": 28,
    "titulo": "Omnis laboriosam aliquid est omnis assumenda nam ducimus.",
    "contenido": "Eos consequatur optio aut iusto. Dolor et et nulla voluptatum et et aliquid. Voluptas autem et est delectus ex. Ipsam praesentium ut praesentium error et culpa.",
    "estado": "BORRADOR",
    "imagen": "posts/6b812693c2241dfea68d3ae32539a4e7.jpg",
    "user_id": 4,
    "category_id": 3,
    "created_at": "2024-01-23T12:12:35.000000Z",
    "updated_at": "2024-01-23T12:12:35.000000Z"
  },
  {
    "id": 29,
    "titulo": "Vero perferendis expedita sit.",
    "contenido": "Omnis ea consequatur et. Voluptas ducimus architecto eum sit debitis labore maiores. Officiis placeat aut aliquid consequatur odio tempora placeat. Nulla quo sed ut cumque non voluptas numquam.",
    "estado": "BORRADOR",
    "imagen": "posts/e68034f2364191f3b3e5488345760eca.jpg",
    "user_id": 4,
    "category_id": 2,
    "created_at": "2024-01-23T12:12:35.000000Z",
    "updated_at": "2024-01-23T12:12:35.000000Z"
  },
  {
    "id": 30,
    "titulo": "Consequatur voluptate incidunt qui sunt sequi ipsam in.",
    "contenido": "Quia adipisci omnis nemo nulla nostrum. Beatae laborum necessitatibus odio. Iusto libero voluptatum sit.",
    "estado": "PUBLICADO",
    "imagen": "posts/1d8765e5180dbd3dd6536e3f652e0c29.jpg",
    "user_id": 3,
    "category_id": 3,
    "created_at": "2024-01-23T12:12:35.000000Z",
    "updated_at": "2024-01-23T12:12:35.000000Z"
  },
  {
    "id": 31,
    "titulo": "Quam fugiat voluptatem tenetur voluptas a.",
    "contenido": "Illo voluptatibus molestias necessitatibus sed commodi. Vero dolorem vel ipsa qui aspernatur laborum. Est maxime voluptatibus autem dolore.",
    "estado": "PUBLICADO",
    "imagen": "posts/3c5a88f5a7bfc4e0638de3e810492de5.jpg",
    "user_id": 3,
    "category_id": 2,
    "created_at": "2024-01-23T12:12:35.000000Z",
    "updated_at": "2024-01-23T12:12:35.000000Z"
  },
  {
    "id": 32,
    "titulo": "Nesciunt ratione laudantium harum eum voluptate quasi.",
    "contenido": "Ut itaque dolorem corporis. Labore commodi ex quis numquam dolor amet nesciunt. Pariatur cumque placeat ad omnis voluptatem quia. Ea at omnis id. Mollitia sint velit odit aliquid sunt ea harum.",
    "estado": "PUBLICADO",
    "imagen": "posts/7a03b32041d3932be18ff262b8d67b01.jpg",
    "user_id": 5,
    "category_id": 1,
    "created_at": "2024-01-23T12:12:35.000000Z",
    "updated_at": "2024-01-23T12:12:35.000000Z"
  },
  {
    "id": 33,
    "titulo": "Aliquam fugit quis incidunt.",
    "contenido": "Sed eum consequatur aliquam nisi eum magnam. Quis qui voluptatem sequi quia quos qui tenetur. Quisquam repudiandae deserunt voluptate quod rem voluptatem nisi. Aspernatur qui a eos vel voluptatem.",
    "estado": "BORRADOR",
    "imagen": "posts/3af0dfdf0e1b4da6d555778d2fe427c7.jpg",
    "user_id": 5,
    "category_id": 4,
    "created_at": "2024-01-23T12:12:35.000000Z",
    "updated_at": "2024-01-23T12:12:35.000000Z"
  },
  {
    "id": 34,
    "titulo": "Rem eius aspernatur rem voluptatem.",
    "contenido": "Rerum et quaerat iure rem eligendi incidunt. Consequatur dolor omnis quae et quis et. Veritatis excepturi veniam beatae ducimus. Enim accusamus quibusdam labore officiis.",
    "estado": "BORRADOR",
    "imagen": "posts/a7e99654a0d5196a59b369a8cebf701a.jpg",
    "user_id": 2,
    "category_id": 6,
    "created_at": "2024-01-23T12:12:35.000000Z",
    "updated_at": "2024-01-23T12:12:35.000000Z"
  },
  {
    "id": 35,
    "titulo": "Rerum aut harum deleniti.",
    "contenido": "Voluptatem quisquam ut expedita adipisci aspernatur excepturi. Dignissimos optio nam qui eos. Ut est ut id harum consequatur voluptates commodi. Odio debitis quis quia corrupti et.",
    "estado": "BORRADOR",
    "imagen": "posts/89f70729a718290f419750a5ba976365.jpg",
    "user_id": 1,
    "category_id": 4,
    "created_at": "2024-01-23T12:12:35.000000Z",
    "updated_at": "2024-01-23T12:12:35.000000Z"
  },
  {
    "id": 36,
    "titulo": "Aliquam eius animi excepturi voluptas harum.",
    "contenido": "Iusto tenetur dolore laborum et. Inventore possimus quia necessitatibus rerum. Non ea quia voluptatem inventore quae.",
    "estado": "BORRADOR",
    "imagen": "posts/c239ffa6ca6b42683b459a96fcff3c7e.jpg",
    "user_id": 1,
    "category_id": 6,
    "created_at": "2024-01-23T12:12:35.000000Z",
    "updated_at": "2024-01-23T12:12:35.000000Z"
  },
  {
    "id": 37,
    "titulo": "Dolorem voluptates et numquam et.",
    "contenido": "Corporis quia modi modi esse aut sed. Laudantium nisi laudantium nihil velit debitis qui. Itaque cum debitis dolore autem voluptatem quia minus. Aliquam tempore eos tenetur nam doloribus ipsam.",
    "estado": "BORRADOR",
    "imagen": "posts/4c741f04b23cefab7ea5889631672f35.jpg",
    "user_id": 3,
    "category_id": 2,
    "created_at": "2024-01-23T12:12:35.000000Z",
    "updated_at": "2024-01-23T12:12:35.000000Z"
  },
  {
    "id": 38,
    "titulo": "Exercitationem praesentium est doloribus ad velit incidunt perspiciatis.",
    "contenido": "Saepe aut omnis provident delectus porro. Molestias voluptates porro omnis dolores nesciunt quam quae placeat. Suscipit fugit accusantium aut et.",
    "estado": "PUBLICADO",
    "imagen": "posts/1334b7565e1ca3a52c0e62b1f49ffcca.jpg",
    "user_id": 1,
    "category_id": 5,
    "created_at": "2024-01-23T12:12:35.000000Z",
    "updated_at": "2024-01-30T12:23:54.000000Z"
  },
  {
    "id": 39,
    "titulo": "Molestias recusandae placeat et aut autem dolorum.",
    "contenido": "Veritatis itaque inventore harum quod iure voluptatum quasi. Numquam et tenetur aliquid aliquid. Id fuga perferendis aliquid nihil.",
    "estado": "PUBLICADO",
    "imagen": "posts/9952849efa498796797eefc9ef64077d.jpg",
    "user_id": 5,
    "category_id": 5,
    "created_at": "2024-01-23T12:12:35.000000Z",
    "updated_at": "2024-01-23T12:12:35.000000Z"
  },
  {
    "id": 40,
    "titulo": "Iste architecto et non aut fuga officiis officia nulla.",
    "contenido": "Quasi modi corporis suscipit corrupti aut deleniti. Quam ut molestiae dicta omnis culpa ducimus itaque. Consequuntur est consequatur dolores et explicabo sequi.",
    "estado": "BORRADOR",
    "imagen": "posts/c17133d29d048c73114726d6b52fc92e.jpg",
    "user_id": 3,
    "category_id": 2,
    "created_at": "2024-01-23T12:12:35.000000Z",
    "updated_at": "2024-01-23T12:12:35.000000Z"
  },
  {
    "id": 41,
    "titulo": "Non aut et odio eaque ab debitis.",
    "contenido": "Illum quis esse sit eveniet. Optio voluptas similique sit. Odio rerum rerum qui quasi.",
    "estado": "BORRADOR",
    "imagen": "posts/5470ab160b95f28e5b35a1a0ecc539e4.jpg",
    "user_id": 1,
    "category_id": 1,
    "created_at": "2024-01-23T12:12:35.000000Z",
    "updated_at": "2024-01-23T12:12:35.000000Z"
  },
  {
    "id": 42,
    "titulo": "Voluptate quam minima laborum ea.",
    "contenido": "Adipisci sed aut sint dolorum. Dignissimos natus rerum sit fugiat quidem sit labore. Molestias non sapiente sed natus error.",
    "estado": "PUBLICADO",
    "imagen": "posts/af2f0369c5adf6bb543d42503a36d4b8.jpg",
    "user_id": 2,
    "category_id": 4,
    "created_at": "2024-01-23T12:12:35.000000Z",
    "updated_at": "2024-01-23T12:12:35.000000Z"
  },
  {
    "id": 43,
    "titulo": "Sed enim perspiciatis sit quia.",
    "contenido": "Repellat voluptatibus sunt quia ducimus est beatae. Explicabo beatae earum qui et quos dolore. Iure odio tenetur atque fuga id.",
    "estado": "PUBLICADO",
    "imagen": "posts/1e1e6f2bb5426f5eb760b460a9efcee8.jpg",
    "user_id": 1,
    "category_id": 5,
    "created_at": "2024-01-23T12:12:35.000000Z",
    "updated_at": "2024-01-23T12:12:35.000000Z"
  },
  {
    "id": 44,
    "titulo": "Assumenda saepe esse quis aut ex consequatur eius.",
    "contenido": "Molestias voluptatum consequatur quod ea. Tempora facilis id ut eaque occaecati sed numquam. Aspernatur ut vel et aperiam aut.",
    "estado": "PUBLICADO",
    "imagen": "posts/a6b28ce9f3a73e978996c22d202e624f.jpg",
    "user_id": 3,
    "category_id": 4,
    "created_at": "2024-01-23T12:12:35.000000Z",
    "updated_at": "2024-01-23T12:12:35.000000Z"
  },
  {
    "id": 45,
    "titulo": "Totam fuga ullam a a velit quia esse.",
    "contenido": "Amet modi error temporibus tempore repellendus nemo. Possimus quisquam ducimus voluptatem est. Laudantium sunt perspiciatis excepturi cumque.",
    "estado": "PUBLICADO",
    "imagen": "posts/789ccf110ff9b86fba3f5a88079f4c10.jpg",
    "user_id": 3,
    "category_id": 6,
    "created_at": "2024-01-23T12:12:35.000000Z",
    "updated_at": "2024-01-23T12:12:35.000000Z"
  },
  {
    "id": 47,
    "titulo": "Rerum reprehenderit voluptas consequuntur similique.",
    "contenido": "Repudiandae repudiandae molestiae beatae labore quisquam modi natus. Ad non accusamus nihil et error aut est. Nemo quo rerum fugit. Quasi quos qui facilis.",
    "estado": "PUBLICADO",
    "imagen": "posts/dbb47c0ea5472124d53d201213269e40.jpg",
    "user_id": 4,
    "category_id": 1,
    "created_at": "2024-01-23T12:12:35.000000Z",
    "updated_at": "2024-01-23T12:12:35.000000Z"
  },
  {
    "id": 48,
    "titulo": "Voluptas quas veritatis dolorum est repellendus fugit quidem nemo.",
    "contenido": "Velit ullam repellat animi architecto ut ipsam. Suscipit molestiae ut ratione tenetur veritatis quia et doloremque. In iste libero occaecati sint laborum ullam soluta.",
    "estado": "BORRADOR",
    "imagen": "posts/2c08d56a0c9f8169393542d78d8f5168.jpg",
    "user_id": 5,
    "category_id": 3,
    "created_at": "2024-01-23T12:12:35.000000Z",
    "updated_at": "2024-01-23T12:12:35.000000Z"
  },
  {
    "id": 49,
    "titulo": "Mollitia ut aut molestiae distinctio temporibus voluptas iste.",
    "contenido": "Ut blanditiis voluptatem deserunt magni aut. Rerum eligendi accusantium eius eius laudantium et. Unde sint aut aut amet quos fugit pariatur.",
    "estado": "BORRADOR",
    "imagen": "posts/ee49c337093d5d0aaf2ea96c46038820.jpg",
    "user_id": 4,
    "category_id": 1,
    "created_at": "2024-01-23T12:12:35.000000Z",
    "updated_at": "2024-01-23T12:12:35.000000Z"
  },
  {
    "id": 50,
    "titulo": "Necessitatibus deserunt pariatur officia est voluptas.",
    "contenido": "Voluptatum inventore consequatur eaque nulla. Repellendus consequatur adipisci ea molestiae eveniet quidem. Enim minus repudiandae nesciunt sint. Odio eaque corrupti aperiam beatae enim quae.",
    "estado": "BORRADOR",
    "imagen": "posts/6ff60cf115192a1a59f396e2925095e5.jpg",
    "user_id": 4,
    "category_id": 5,
    "created_at": "2024-01-23T12:12:35.000000Z",
    "updated_at": "2024-01-23T12:12:35.000000Z"
  },
  {
    "id": 51,
    "titulo": "Prueba edit",
    "contenido": "Aaaaaaaeaaaaaaaaaaa",
    "estado": "PUBLICADO",
    "imagen": "posts/default.jpeg",
    "user_id": 1,
    "category_id": 5,
    "created_at": "2024-01-26T08:04:25.000000Z",
    "updated_at": "2024-01-29T11:17:41.000000Z"
  }
]